Conversation URL,Date Created,Title,Archive URL,Viz?,Closed?,Report URL,Strict Mod?,# Voters,# Grps,# Cmnts,# Meta,Language,Location,Link,Account Owner,Grouping,Date Added,Notes
https://pol.is/36jajfnhhn,2016-11-29,No Sugar Coating: What should we do?,,‚úÖ yes,‚úÖ yes,,,256,2,114,0,en,New Zealand,https://info.scoop.co.nz/HiveMind,foundation@scoop.co.nz,ScoopNZ Hivemind,2020-12-05,
https://pol.is/5mnfxu85hx,2016-12-08,Canadian Electoral Reform,https://github.com/compdemocracyopenData/tree/master/canadian-electoral-reform,‚úÖ yes,‚úÖ yes,https://pol.is/report/r326b8eam5cbbadnwrivd,,467,2,175,0,en,Canada,https://mydem0cracy.ca/,vKanata,,2021-01-08,
https://pol.is/4hnmy3zeff,2017-06-15,ScoopNZ Hivemind on affordable housing,https://github.com/compdemocracy/openData/tree/master/scoop-hivemind.affordable-housing,‚úÖ yes,‚úÖ yes,https://pol.is/report/r8zjztmxvc5x82pwer6my,,381,2,165,0,en,New Zealand,https://info.scoop.co.nz/HiveMind,HiveMind,ScoopNZ Hivemind,2020-12-12,
https://pol.is/5psrv8bm2a,2017-07-16,HiveMind - Freshwater Quality in NZ,https://github.com/compdemocracy/openData/tree/master/scoop-hivemind.freshwater,‚úÖ yes,‚úÖ yes,https://pol.is/report/r49xtpmxk2mjmkpyhwuau,,117,2,80,0,en,New Zealand,https://info.scoop.co.nz/HiveMind,HiveMind,ScoopNZ Hivemind,2020-12-05,report broken?
https://pol.is/4yy3sh84js,2017-08-13,A Universal Basic Income for Aotearoa NZ?,https://github.com/compdemocracy/openData/tree/master/scoop-hivemind.ubi,‚úÖ yes,‚úÖ yes,https://pol.is/report/r5jsvucnwuuhw7dzjvaim,,234,4,70,0,en,New Zealand,https://info.scoop.co.nz/HiveMind,HiveMind,ScoopNZ Hivemind,2020-12-05,report broken?
https://pol.is/5pch2hmyn7,2017-09-06,Medical Cannabis - Co-creating a Humane and Safe Policy for Aotearoa,,‚úÖ yes,‚úÖ yes,https://pol.is/report/r7f89nk32sjuknecjbrxp,,135,2,52,0,en,New Zealand,https://info.scoop.co.nz/HiveMind,HiveMind,ScoopNZ Hivemind,2020-12-05,
https://pol.is/9wtchdmmun,2018-02-15,Improving Bowling Green / Warren County,https://github.com/compdemocracy/openData/tree/master/american-assembly.bowling-green,‚úñÔ∏è no,‚úÖ yes,https://pol.is/report/r2xcn2cdbmrzjmmuuytdk,,2038,2,896,0,en,"Bowling Green, NY, USA",https://americanassembly.org/the-civic-assembly,Bowling Green Civic Assembly,The American Assembly,2020-12-05,Bowling Green Civic Assembly
https://pol.is/5sw7wa5dep,2018-04-14,Tax HiveMind Window,https://github.com/compdemocracy/openData/tree/master/scoop-hivemind.taxes,‚úÖ yes,‚úÖ yes,https://pol.is/report/r45ru4zfmutun54ttskne,,336,2,148,15,en,New Zealand,https://info.scoop.co.nz/HiveMind,HiveMind,ScoopNZ Hivemind,2020-12-05,
https://pol.is/4uf4hkunf3,2018-09-01,"""The Germans never had it better...""",,‚úÖ yes,‚úÖ yes,https://pol.is/report/r6xd526vyjyjrj9navxrj,,33547,2,783,5,de,Germany,http://web.archive.org/web/20181225131344/https://aufstehen.de/pol-is/,aufstehen,,2020-12-05,"Aufstehan, left-wing collective movement. https://www.youtube.com/watch?v=1yh2yKHUKU8"
https://pol.is/9aczjnp8n6,2018-10-09,The 5th Global Congress on IP and the Public Interest,,‚úñÔ∏è no,‚úÖ yes,https://pol.is/report/r7k76vmnhmnann5npxdmk,,336,3,228,15,en,Global,https://www.facebook.com/globalcongress/posts/hello-global-congress-colleagueswere-going-to-wrap-up-the-polis-conversation-on-/2090871794279578/,Joe Karaganis,,2020-12-05,Global Congress
https://pol.is/42ssceevsw,2019-03-15,Louisville Civic Assembly,,‚úñÔ∏è no,‚úÖ yes,https://pol.is/report/r2msmbb2bm7nmjxtftayt,,1398,2,877,0,en,"Louisville, KY, USA",https://wfpl.org/category/podcasts/the-next-louisville/,Joe Karaganis,The American Assembly,2020-12-05,The Next Louisville
https://pol.is/3atycmhmer,2019-09-05,Protecting and Restoring NZ‚Äôs Biodiversity,https://github.com/compdemocracy/openData/tree/master/scoop-hivemind.biodiversity,‚úÖ yes,‚úÖ yes,https://pol.is/report/r3epuappndxdy7dwtvwpb,,536,2,314,15,en,New Zealand,https://info.scoop.co.nz/HiveMind,HiveMind,ScoopNZ Hivemind,2020-12-05,Newpaper initiative.
https://pol.is/664akjpxey,2020-09-29,BRIGADE IMPACT: What CHANGE does your brigade want to create? Where is your brigade ALREADY successful?,,‚úÖ yes,‚úÖ yes,https://pol.is/report/r2dtdbwbsrzu8bj8wmpmc,üü¢ no,87,5,92,3,en,USA,https://discourse.codeforamerica.org/t/what-will-it-look-like-when-we-have-succeeded-interactive-session-on-our-theory-of-change-brigade-congress-2020/924,Ben,Code for America brigades,2020-12-05,
https://pol.is/7w338ujx4e,2020-12-04,Rationalist Governmance,,‚úÖ yes,‚úÖ yes,https://pol.is/report/r7dr5tzke7pbpbajynkv8,üü¢ no,69,5,133,74,en,,,Mel Heisey,,2021-01-06,Effective Altruism community. alt report url: https://pol.is/report/r6zbvvszhm3mbfpadxyan
https://pol.is/9tjdr6jmkr,2021-04-11,"""Is a tough lockdown worth a mental breakdown?""",,‚úÖ yes,‚úÖ yes,https://pol.is/report/r4d6midshxvcudfvrykfh,üü¢ no,181,2,53,10,sk,Slovakia,https://www.demdis.sk/stoji-tvrdy-lockdown-za-psychicky-breakdown-vysledky/,Michal,DemDis,2025-02-06,
https://pol.is/6da26haxpe,2021-04-18,Covid + NYC Food Industry,,‚úÖ yes,‚úÖ yes,---,üî¥ yes,75,3,70,11,en,"NYC, USA",https://www.jacobrosette.com/essential-workers,Amanda Luz Henning Santiago,,2025-02-10,source: https://www.facebook.com/permalink.php?story_fbid=pfbid0TKHRNHL7q4UWFoCYh2PfBeG9LzeyPDzJDW2vY5zMDHgwEvrKq9sMqw5u3hPuqQWcl&id=102504711988569
https://pol.is/4vfmwwzdds,2021-05-10,Newton Village Centers,,‚úÖ yes,‚úÖ yes,---,,1427,2,484,5,en,"Newton, MA, USA",https://www.facebook.com/groups/86518526100/?multi_permalinks=10159459958156101&hoisted_section_header_type=recently_seen,Will Cohen,,2025-02-10,source: fb search
https://pol.is/8ssf855kmn,2021-05-17,--- (Powers of UK President?),,‚úÖ yes,‚úÖ yes,https://pol.is/report/r4fby3caktbb8rmjfmdh7,,133,3,8,0,en,UK,,Tony Czarnecki,UK Agora,2025-02-05,google search - site:https://pol.is/report/ https://uk-agora.sustensis.co.uk/polis-on-values-and-responsibilities/
https://pol.is/997smidz3s,2021-05-17,--- (Citizen Assemblies?),,‚úÖ yes,‚úÖ yes,https://pol.is/report/r8knd95hsjwvra6ca4vme,,13,2,14,0,en,UK,,Tony Czarnecki,UK Agora,2025-02-05,google search - site:https://pol.is/report/
https://pol.is/9fw9a2jeby,2021-05-17,--- (something about the UK president and legislation?),,‚úÖ yes,‚úÖ yes,https://pol.is/report/r5mrfdubea8kckcemnsu6,,7,2,3,0,en,UK,,Tony Czarnecki,UK Agora,2025-02-05,google search - site:https://pol.is/report/
https://pol.is/56eav4fh98,2021-06-01,Low Speed Streets in Pasig,,‚úñÔ∏è no,‚úÖ yes,---,,474,2,160,8,tl,"Pasig, Phillipines",https://www.facebook.com/MakatiBusinessClub/videos/144689067726604/,Geeta Keswani,Makati Business Club,2025-02-10,source: fb search
https://pol.is/2rumnecbeh,2021-06-17,Land use and conservation in the San Juan Islands,https://github.com/compdemocracy/openData/tree/master/ssis.land-bank-farmland.2rumnecbeh.2021-08-01,‚úÖ yes,‚úÖ yes,---,,407,2,293,9,en,"Washington, USA",,Kaj Litch,,2025-02-06,from opendata repo
https://pol.is/2yyrtwkpxt,2021-06-29,Pedestrian-Only Streets in Intramuros,,‚úñÔ∏è no,‚úÖ yes,---,,1057,2,565,8,tl,"Intramuros, Manila, PH",https://www.facebook.com/OfficialIntramurosAdministration/posts/pfbid027K9KoMXCAoiFofaaVXgmmcoEEJ2y1cTCph8aw77fAp5M2mHwcjUQsXruipojJRGnl,Geeta Keswani,Makati Business Club,2025-02-10,source: fb search
https://pol.is/5dfxkx6bsf,2021-07-18,"""Strengthening Small Family Businesses in Legazpi""",,‚úñÔ∏è no,‚úÖ yes,---,,337,2,212,11,tl,"Legazpi City, Phillipines",https://www.facebook.com/MakatiBusinessClub/posts/pfbid06cX3Rx26QXwn1GgBkvkWgQ6nQY4A4UKf1J3SJPzzoiSChidHM19AVNhSaZvKeCtol,Geeta Keswani,Makati Business Club,2025-02-10,source: fb search
https://pol.is/4asmnumwa4,2021-09-03,"""Mandatory vaccination - destruction or redemption?""",,‚úÖ yes,‚úÖ yes,https://pol.is/report/r5yb2cscs7nsenbmxxckp,üü¢ no,155,3,29,1,sk,Slovakia,https://www.demdis.sk/povinne-ockovanie-skaza-ci-vykupenie-vysledky/,Michal,DemDis,2025-02-06,BUG on page. embeds wrong convo.
https://pol.is/33shmh9arf,2021-09-07,Supporting Small Businesses in Iligan City,,‚úñÔ∏è no,‚úÖ yes,---,,227,3,132,6,ceb,"Iligan City, Philippines",https://www.facebook.com/jinnahdorothy/posts/pfbid026zU9uTpdaLuLLtccp9kzDzcvFcJ8h6meXiRY9J76sqQe8t2WqCoCtsJ4ZYyV3wKpl,Geeta Keswani,Makati Business Club,2025-02-10,source: fb search
https://pol.is/6cek22efaf,2021-11-03,"""Citizen Initiatives for the Peaceful March for Change 15N""",,‚úÖ yes,‚úÖ yes,https://pol.is/report/r6x3fsvscatuwrt8kbexm,,1716,2,1018,0,es,Cuba,,Giselle Gonzalez,,2025-02-05,
https://pol.is/4n3iy7ewmk,2021-11-29,"""University reform - slap in the face or help for universities?""",,‚úÖ yes,‚úÖ yes,,,151,3,58,0,sk,Slovakia,https://www.demdis.sk/reforma-vs-facka-ci-pomoc-univerzitam/,DemDis,DemDis,2025-02-06,
https://pol.is/2dndr6se24,2022-02-14,"""How to tame hoaxes? Through discussion or repression?""",,‚úÖ yes,‚úÖ yes,https://pol.is/report/r8jhyfp54cyanhu26cz3v,üü¢ no,90,2,51,0,sk,Slovakia,https://www.demdis.sk/ako-skrotit-hoaxy-diskusiou-ci-represiou-vysledky/,DemDis,DemDis,2025-02-05,guide: https://www.demdis.sk/ako-skrotit-hoaxy-diskusiou-ci-represiou/
https://pol.is/2rbpz7ivat,2022-03-08,"""What is a hoax? And how to recognize it?""",,‚úÖ yes,‚úÖ yes,https://pol.is/report/r7dhydjfadhmdyc5wn8sm,,403,3,86,0,sk,Slovakia,https://www.demdis.sk/co-je-hoax-a-ako-ho-rozpoznat-vysledky/,DemDis,DemDis,2025-02-05,pravda embed: https://zurnal.pravda.sk/spolocnost/clanok/619742-hoaxy-nepatria-do-diskusie-kto-vsak-urci-co-je-hoax-vy/
https://pol.is/2ku7arccjt,2022-03-25,"""The spread of hoaxes is the result of superficial reading. Do we check or just blindly trust?""",,‚úÖ yes,‚úÖ yes,https://pol.is/report/r9cnkypdddkmnefz8k2bn,üü¢ no,113,2,40,0,sk,Slovakia,https://www.demdis.sk/preverujeme-ci-len-slepo-doverujeme-vysledky/,DemDis,DemDis,2025-02-06,"guide: https://www.demdis.sk/sirenie-hoaxov-je-vysledkom-povrchneho-citania-preverujeme-ci-len-slepo-doverujeme/
pravda embed: https://zurnal.pravda.sk/spolocnost/clanok/621318-sirenie-hoaxov-je-vysledkom-povrchneho-citania-preverujeme-ci-len-slepo-doverujeme/"
https://pol.is/45xbsmnxjn,2022-03-30,Share your thoughts:,,‚úñÔ∏è no,‚úÖ yes,https://pol.is/report/r4bypmj5kymsjppdefcjv,,1375,2,1241,6,en,"Worcester, MA, USA",https://www.reddit.com/r/WorcesterMA/comments/vuogys/comment/ifevwwt/,Will Cohen,Utile Design,2025-02-09,source: reddit comments https://www.utiledesign.com/work/worcester-now-next-citywide-plan/
https://pol.is/5xuvbiv25u,2022-04-12,Catalyst Circle - Code of Conduct - Wiki Survey,,‚úñÔ∏è no,‚úÖ yes,https://pol.is/report/r6wzbj4j2hnmvcahutdwm,üü¢ no,100,2,210,0,en,,,Harris Warren,Cardano,2025-02-05,google search - site:https://pol.is/report/ https://catalyst-circle.github.io/docs/
https://pol.is/5tzfrp5eaa,2022-04-25,"""Mobility""",https://github.com/compdemocracy/openData/tree/master/austria-climate.5tzfrp5eaa.2022-07-07,‚úÖ yes,‚úÖ yes,---,,3142,2,2138,6,de,Austria,,Klimarat,,2025-02-06,from opendata repo
https://pol.is/9xnndurbfm,2022-04-25,"""Food & Land Use""",https://github.com/compdemocracy/openData/tree/master/austria-climate.9xnndurbfm.2022-07-07,‚úÖ yes,‚úÖ yes,---,,3616,2,1452,0,de,Austria,,Klimarat,,2025-02-06,from opendata repo
https://pol.is/7z7ejpbmv5,2022-04-25,"""Housing""",https://github.com/compdemocracy/openData/tree/master/austria-climate.7z7ejpbmv5.2022-08-08,‚úÖ yes,‚úÖ yes,---,,1503,2,611,0,de,Austria,,Klimarat,,2025-02-06,from opendata repo
https://pol.is/5twd2jsnfk,2022-04-25,"""Production & Consumption""",https://github.com/compdemocracy/openData/tree/master/austria-climate.5twd2jsnkf.2022-08-08,‚úÖ yes,‚úÖ yes,---,,1116,2,522,0,de,Austria,,Klimarat,,2025-02-05,from opendata repo
https://pol.is/8r7brebkj8,2022-06-02,"""Do we know what fascism is?""
/ ""Fascism is not dead. So how does it manifest itself?""",,‚úÖ yes,‚úÖ yes,https://pol.is/report/r3nadfz7rmkrx44afkfch,,124,2,49,0,sk,Slovakia,https://www.demdis.sk/vieme-co-je-fasizmus-vysledky-2/,DemDis,DemDis,2025-02-05,"guide: https://www.demdis.sk/vieme-co-je-fasizmus/ 
midreport: https://www.demdis.sk/fasizmus-nevymrel-ako-sa-teda-prejavuje/
pravda embed: https://zurnal.pravda.sk/spolocnost/clanok/632003-s-fasistami-sa-neobchoduje-ako-ich-teda-rozpoznat-rozhodnite-sami/"
https://pol.is/2upmdmyrbv,2022-06-10,"""Should we debate with fascists?""",,‚úÖ yes,‚úÖ yes,https://pol.is/report/r8bzudrhs8j6petppicrj,,140,2,46,0,sk,Slovakia,https://www.demdis.sk/mali-by-sme-diskutovat-s-fasistami-vysledky/,DemDis,DemDis,2025-02-06,"guide: https://www.demdis.sk/mali-by-sme-diskutovat-s-fasistami/ 
midreport: https://www.demdis.sk/ako-by-sme-mali-diskutovat-s-fasistami/
pravda embed: https://zurnal.pravda.sk/spolocnost/clanok/630062-mali-by-sme-diskutovat-s-fasistami/"
https://pol.is/5w6dvdkvm9,2022-07-06,"""Is the world black and white or rainbow?""",,‚úÖ yes,‚úÖ yes,https://pol.is/report/r2pvearcywfbjcbv7ekrm,,76,2,30,0,sk,Slovakia,https://www.demdis.sk/je-svet-ciernobiely-alebo-duhovy/,DemDis,DemDis,2025-02-05,pravda embed: https://zurnal.pravda.sk/spolocnost/clanok/633906-je-podla-vas-svet-cierno-biely-alebo-duhovy/
https://pol.is/5huyhtuvrm,2022-07-22,"""What threatens the traditional family? The LGBTI community or culture wars?""
/ ""The family is threatened by hatred and conflict. So how to prevent it?""",,‚úÖ yes,‚úÖ yes,https://pol.is/report/r8w8a9pkxkhpcajtnrn9x,,293,2,83,1,sk,Slovakia,https://www.demdis.sk/co-ohrozuje-tradicnu-rodinu-lgbti-komunita-ci-kulturne-vojny-vysledky/,DemDis,DemDis,2025-02-05,"guide: https://www.demdis.sk/co-ohrozuje-tradicne-rodiny-lgbti-komunita-ci-kulturne-vojny/ 
midreport: https://www.demdis.sk/rodinu-ohrozuje-nenavist-a-konflikt-ako-tomu-teda-predist/ 
pravda embed: https://zurnal.pravda.sk/spolocnost/clanok/635581-rodinu-ohrozuje-nenavist-a-konflikt-ako-tomu-teda-predist/"
https://pol.is/74jedxmasz,2022-08-13,"""The Climate Challenge ‚Äì A Task for Politicians or Individuals?""
/ ""Comfort vs. the Planet. Is the Climate Fight Necessary or Just Activist Eco-Hysteria?""",,‚úÖ yes,‚úÖ yes,https://pol.is/report/r2xzujbewezpjdc9pmzhd,,135,2,48,3,sk,Slovakia,,DemDis,DemDis,2025-02-06,"guide: https://www.demdis.sk/komfort-verzus-planeta-je-boj-za-klimu-nevyhnutnostou-ci-len-ekohysteriou-aktivistov/ 
midreport: https://www.demdis.sk/klimaticka-vyzva-uloha-pre-politikov-ci-jednotlivca/
pravda embed: https://zurnal.pravda.sk/spolocnost/clanok/637004-komfort-verzus-planeta-je-boj-za-klimu-nevyhnutnostou-ci-len-ekohysteriou-aktivistov/"
https://pol.is/8tpejf3yam,2022-11-04,"""Conservatives vs. liberals. Who is to blame for the growing hatred? And is labeling a good way to go?""
/ ""Liberals vs. conservatives. Is a decent symbiosis even possible? And what about the anger?""
/ ""Liberals vs. conservatives. We will prevent hatred by discussing and not labeling.""",,‚úÖ yes,‚úÖ yes,https://pol.is/report/r4kzda3xke8mhjeddnt6w,,197,2,77,1,sk,Slovakia,https://www.demdis.sk/liberali-vs-konzervativci-nenavisti-predideme-diskusiou-a-nenalepkovanim-vysledky-diskusie/,DemDis,DemDis,2025-02-05,"guide: https://www.demdis.sk/konzervativci-vs-liberali-kto-moze-za-narastajucu-nenavist-a-je-nalepkovanie-dobrou-cestou-2/
midreport: https://www.demdis.sk/liberali-vs-konzervativci-je-mozna-aj-slusna-symbioza-a-co-s-tym-hnevom/"
https://pol.is/4exkvs2app,2022-11-15,"""What kind of democracy do we want?""
/ ""Do we want liberal democracy, but without the adjective? And will an enlightened leader cure it?""
/ ""November ‚Äô89: Where have we come to? And will only a hard hand cure our democracy?""",,‚úÖ yes,‚úÖ yes,https://pol.is/report/r5x9yun6yacp9cm6pedtp,,412,2,76,0,sk,Slovakia,https://www.demdis.sk/aku-chceme-demokraciu-vysledky-diskusie/,DemDis,DemDis,2025-02-06,"guide: https://www.demdis.sk/november-89-kam-sme-sa-to-dopracovali-a-vylieci-nasu-demokraciu-len-tvrda-ruka/
midreport: https://www.demdis.sk/chceme-liberalnu-demokraciu-ale-bez-privlastku-a-vylieci-ju-osvieteny-lider/"
https://pol.is/2fzs33rmbr,2022-11-20,"""What will become of the Karstadt building on Leopoldplatz?""",,‚úÖ yes,‚úÖ yes,https://pol.is/report/r4j3kccpn73khcmasfcw9,,266,2,96,0,de,Germany,,Dominik,,2025-02-05,google search - site:https://pol.is/report/
https://pol.is/8veunxnctm,2023-01-18,Aquarena outdoor area poll,,‚úñÔ∏è no,‚úÖ yes,https://pol.is/report/r4vntvaskarhuw2wvannf,,402,3,499,0,en,"Manningham, Victoria, Australia",,Manningham Council Engaged Communities,,2025-02-05,google search - site:https://pol.is/report/
https://pol.is/2nuaenc9fw,2023-01-21,"""Does a referendum make sense?""
/ ""A consensus within reach: How to make a referendum more effective?""",,‚úÖ yes,‚úÖ yes,https://pol.is/report/r764dhr7kmfvjnbxrkxef,,512,2,132,1,sk,Slovakia,https://www.demdis.sk/ma-referendum-zmysel-vysledky-diskusie/,DemDis,DemDis,2025-02-05,"guide: https://www.demdis.sk/ma-referendum-zmysel/
midreport: https://www.demdis.sk/konsenzus-na-dosah-ako-zefektivnit-referendum/"
https://pol.is/9xfujkmdne,2023-02-23,"""We do not intend to give in to the aggressors and peace is not absolute. So why do we (not) support Ukraine?""",,‚úÖ yes,‚úÖ yes,https://pol.is/report/r3vumzb3w4zccaty6vcan,,840,2,162,4,sk,Slovakia,https://www.demdis.sk/preco-ne-podporujeme-ukrajinu-vysledky-diskusie/,DemDis,DemDis,2025-02-06,"guide: https://www.demdis.sk/preco-ne-podporujeme-ukrajinu/
midreport: https://www.demdis.sk/agresorom-nemienime-ustupovat-a-mier-nie-je-absolutny-preco-teda-ne-podporujeme-ukrajinu/"
https://pol.is/4hbjttmrhk,2023-03-26,"""We all want peace, but do we know what kind?""
/ ""A just peace is a myth for us. So what kind of peace do we want?""",,‚úÖ yes,‚úÖ yes,https://pol.is/report/r8ihe3dfhkrmjc8ncmkhd,,1185,2,153,0,sk,Slovakia,,DemDis,DemDis,2025-02-06,"guide: https://www.demdis.sk/aky_chceme_mier/
midreport: https://www.demdis.sk/spravodlivy-mier-je-pre-nas-mytus-aky-mier-teda-chceme/"
https://pol.is/2fafhz9s2m,2023-03-28,Share your views on generative AI,,‚úÖ yes,‚úÖ yes,https://pol.is/report/r3nhe9auvzhr36dwaytsk,,244,2,356,1,en,USA,https://cip.org/s4d,Collective Intelligence Project,,2023-04-05,
https://pol.is/5b4ja5iu5r,2023-04-16,"""Are we obsessed with politics? And why?""
/ ""Politics is all around us. So why are we obsessed with it?""",,‚úÖ yes,‚úÖ yes,https://pol.is/report/r7rkfpzmrmpjk2wmvdsbc,,351,2,112,0,sk,Slovakia,,DemDis,DemDis,2025-02-05,"guide: https://www.demdis.sk/mame-politiku-na-haku-a-preco/
midreport: https://www.demdis.sk/politika-je-vsade-okolo-nas-preco-ju-teda-mame-na-haku/"
https://pol.is/5xba5fjpfd,2023-05-01,"""Do Russians belong in the Olympics, or does peace not belong there?""
/ ""The idea of ‚Äã‚Äãpeace belongs in the Olympics. But do Russians belong there too?""",,‚úÖ yes,‚úÖ yes,https://pol.is/report/r6rjrwrpkcrrcpdckpewx,,656,2,171,0,sk,Slovakia,https://www.demdis.sk/k-sportu-patri-spolocenska-zodpovednost-tak-ako-mier-k-olympiade-vysledky-diskusie/,DemDis,DemDis,2025-02-05,"guide: https://www.demdis.sk/patria-rusi-na-olympiadu-ci-tam-nepatri-mier/
midreport: https://www.demdis.sk/myslienka-mieru-na-olympiadu-patri-patria-tam-vsak-aj-rusi/"
https://pol.is/9usurb2mmh,2023-05-14,"""Slovakia on the road to isolation. Why do we (not) want to be foreigners in Europe?""
/ ""We don't want to be foreigners in Europe, but we lack vision, strategy and dialogue.""",,‚úÖ yes,‚úÖ yes,https://pol.is/report/r7cwmiaxczyj8te9rzdmx,,1790,2,269,0,sk,Slovakia,https://www.demdis.sk/v-europe_cudzincami_byt_nechceme/,DemDis,DemDis,2025-02-05,"guide: https://www.demdis.sk/slovensko-na-ceste-k-izolacii-preco-ne-chceme-byt-v-europe-cudzincami/ 
poll 1: https://www.demdis.sk/europoslanci-v-ankete-prichadza-viac-nezmyslov-z-bruselu-ci-skor-z-bratislavy/ 
poll 2: https://www.demdis.sk/demdis-anketa-je-clenstvo-v-eu-nevyhodne-ci-len-nedokazeme-vyuzit-jeho-potencial/ 
midreport: https://www.demdis.sk/neschopni-politici-a-chybajuca-vizia-za-nespokojnost-s-eu-si-mozeme-sami-ako-to-zmenit/
poll 3: https://www.demdis.sk/europoslanci-v-ankete-vdaka-eu-nemusime-celit-priatelstvu-ruska/ 
poll 4: https://www.demdis.sk/anketa-o-eu-potrebujeme-suverenne-sebavedome-a-uvedomele-zastupenie/ "
https://pol.is/6mdwcmn7jh,2023-06-11,"""Democracy is sick, but not to be thrown away. We all want to prevent its decline.""
/ ""What is the state of freedom and democracy in Slovakia?""
/ ""Corruption, poverty, distrust‚Ä¶ Our democracy is sick. How to cure it?""",,‚úÖ yes,‚úÖ yes,https://pol.is/report/r7aybmkd3nce56sbry55t,,390,2,138,2,sk,Slovakia,https://www.demdis.sk/demokracia-je-chora-no-nie-na-zahodenie-zhodne-chceme-predist-jej-upadku-vysledky-diskusie/,DemDis,DemDis,2025-02-05,"guide: https://www.demdis.sk/v-akom-stave-je-sloboda-a-demokracia-na-slovensku/
midreport: https://www.demdis.sk/korupcia-chudoba-ci-nedovera-nasa-demokracia-je-chora-ako-ju-vyliecit/"
https://pol.is/7dkazf8dpb,2023-07-03,"""Section 363: What to do with so much power in one hand? Keep, limit or abolish?""
/ ""Section 363 has its merits. But not in its current form. So how can it be improved?""",,‚úÖ yes,‚úÖ yes,https://pol.is/report/r9bhkfzzjjvacxhybhwmf,,621,2,123,0,sk,Slovakia,,DemDis,DemDis,2025-02-06,"guide: https://www.demdis.sk/paragraf-363-co-s-tolkou-mocou-v-jednych-rukach-ponechat-obmedzit-ci-zrusit/ 
midreport: https://www.demdis.sk/paragraf-363-ma-svoje-opodstatnenie-nie-vsak-v-sucasnej-podobe-ako-ho-teda-zlepsit/"
https://pol.is/3akt5cdsfk,2023-07-07,Collective Constitutional AI: Help us pick rules for our AI chatbot! 7/7,,‚úñÔ∏è no,‚úÖ yes,https://pol.is/report/r3rwrinr5udrzwkvxtdkj,,1127,2,1418,0,en,Global,https://www.anthropic.com/news/collective-constitutional-ai-aligning-a-language-model-with-public-input,Collective Intelligence Project,,2025-01-24,Anthropic. Saffron. CIP
https://pol.is/7pmazcymxa,2023-07-24,"""Why (not) introduce civil unions? Do we protect love enough?""
/ ""A society of progress or fear: What is the function of marriage in society?""",,‚úÖ yes,‚úÖ yes,https://pol.is/report/r5kkydnarhfsfrtsdwybf,,418,2,69,0,sk,Slovakia,,DemDis,DemDis,2025-02-06,"guide: https://www.demdis.sk/preco-ne-zaviest-civilne-zvazky-chranime-lasku-dostatocne/ 
midreport: https://www.demdis.sk/spolocnost-pokroku-alebo-strachu-aka-je-funkcia-manzelstva-v-spolocnosti/"
https://pol.is/2dhnep37ie,2023-08-09,"Workshop: ""How to restore trust in civil society?""",,‚úÖ yes,‚úÖ yes,https://pol.is/report/r6ipxzfudddppwesbmtmn,üü¢ no,27,3,57,4,sk,Slovakia,https://www.demdis.sk/ako-budovat-doveru-v-obciansku-spolocnost-vystupy-demdis-workshopu/,DemDis,DemDis,2025-02-06,
https://pol.is/4m6xdhddfz,2023-08-11,"If artificial intelligence is to deal with issues that have both human rights and local legal and cultural differences, such as LGBTQ and women‚Äôs issues, what principles should artificial intelligence follow when dealing with related issues? Should AI vary its responses based on cultural and regional differences in use?",,‚úÖ yes,‚úÖ yes,https://pol.is/report/r2jh9eekxzenkcytfmbmi,,221,3,75,0,zh-tw,Taiwan,https://talk.vtaiwan.tw/t/topic/2050/3,Shu Yang Lin,vTaiwan,2025-02-05,google search - site:https://pol.is/report/
https://pol.is/4remmbdyph,2023-08-13,"""The world is changing at a dizzying pace. What skills do we need for the 21st century?""
/ ""Peasant common sense and ‚Äúnerding out‚Äù are no longer enough‚Ä¶ How to survive the 21st century with dignity?""
/ ""Half of the professions will disappear and education will sleep. We have found the skills of the future.""",,‚úÖ yes,‚úÖ yes,https://pol.is/report/r44fmi3rxubruhuf54nsd,,349,3,180,4,sk,Slovakia,https://www.demdis.sk/polovica-povolani-zanikne-a-skolstvo-spi-nasli-sme-zrucnosti-buducnosti-vysledky-diskusie/,DemDis,DemDis,2025-02-05,"BUG results link to wrong report.
guide: https://www.demdis.sk/svet-sa-meni-zavratnou-rychlostou-ake-zrucnosti-potrebujeme-pre-21-storocie/ 
poll 1: https://www.demdis.sk/dostojny-zivot-v-21-storoci-nove-zrucnosti-a-adaptacia-nevyhnutnostou/ 
midreport: https://www.demdis.sk/sedliacky-rozum-a-biflovanie-uz-nestaci-ako-dostojne-prezit-21-storocie/ 
poll 2: https://www.demdis.sk/anketa-takmer-polovica-zamestnani-onedlho-zanikne-ako-sa-na-to-pripravit/"
https://pol.is/3n77nvkhri,2023-08-27,"""Should we debate with liars? And how to set fair rules for political debates?""
/ ""Lies are the norm in debates. How to set the rules so that they are not?""",,‚úÖ yes,‚úÖ yes,https://pol.is/report/r5tsa8azhcvap785ufxie,,533,2,91,0,sk,Slovakia,,DemDis,DemDis,2025-02-06,"guide: https://www.demdis.sk/mame-diskutovat-s-klamarmi-a-ako-nastavit-ferove-pravidla-politickych-debat/ 
midreport: https://www.demdis.sk/klamstva-su-v-debatach-standardom-ako-nastavit-pravidla-tak-aby-neboli/"
https://pol.is/4rajekvtei,2023-09-03,"""Slovakia is torn by conflicts. Which ones are artificial and which ones are serious? And what unites us?""
/ ""Frequenting desolations or sunbathers leads to nothing. The solution is dialogue. So how do we build bridges?""",,‚úÖ yes,‚úÖ yes,https://pol.is/report/r5ypxydt3xcuk6ds5cxzh,,239,5,57,0,sk,Slovakia,,DemDis,DemDis,2025-02-06,"guide: https://www.demdis.sk/slovensko-sa-zmieta-v-konfliktoch-ktore-su-umele-a-ktore-vazne-a-co-nas-spaja/ 
midreport: https://www.demdis.sk/castovanie-sa-dezolatmi-ci-slnieckarmi-k-nicomu-nevedie-riesenie-vidime-v-dialogu-ako-teda-budovat-mosty/"
https://pol.is/9hfkdabjkb,2023-09-10,"""What ‚Äúplague‚Äù do we need to save from? And is calling for saviors a suitable strategy?""
/ ""If we weren‚Äôt so cheaply jumping on the bandwagon to scare politicians, they wouldn‚Äôt be doing it. What about it?""",,‚úÖ yes,‚úÖ yes,https://pol.is/report/r5tkjny9x3aimrscjpnuz,,249,2,92,0,sk,Slovakia,,DemDis,DemDis,2025-02-06,"guide: https://www.demdis.sk/pred-akou-pliagou-potrebujeme-zachranit-a-je-volanie-po-spasiteloch-vhodnou-strategiou/ 
midreport: https://www.demdis.sk/keby-sme-na-strasenie-politikov-tak-lacno-neskakali-nerobili-by-to-co-s-tym/"
https://pol.is/2xkaetybza,2023-09-16,Evaluating soil classification systems in Hawai ªi,,‚úñÔ∏è no,‚úÖ yes,https://pol.is/report/r4tfrhexm3dhawcfav6dy,,116,2,170,0,en,"Hawaii, USA",https://storymaps.arcgis.com/stories/aceb7c1d500e4cfe9eaf57274c0db123,Hunter Heaivilin (HH),supersistence.org,2025-02-05,google search - site:https://pol.is/report/
https://pol.is/94vtvv92a6,2023-09-17,"""Fighters, provocateurs and liars in politics - a true or distorted mirror of society?""
/ ""We do not tolerate rudeness and violence from politicians. Are more democratic parties that are accountable to them the solution?""",,‚úÖ yes,‚úÖ yes,https://pol.is/report/r7wyr2db2hzmejs3icmxr,,173,2,44,0,sk,Slovakia,,DemDis,DemDis,2025-02-05,"guide: https://www.demdis.sk/bitkari-provokateri-a-klamari-v-politike-verne-ci-pokrivene-zrkadlo-spolocnosti/ 
midreport: https://www.demdis.sk/hrubost-nasilie-politikov-netolerujeme-su-riesenim-demokratickejsie-strany-ktorym-sa-zodpovedaju/"
https://pol.is/9ethrfhz2m,2023-09-23,"""Who are ""we"" that the others deserve a ""punch in the face""?""",,‚úÖ yes,‚úÖ yes,https://pol.is/report/r3hjtc4nws8yu7sxmhhr9,,545,3,81,0,sk,Slovakia,,DemDis,DemDis,2025-02-06,"guide: https://www.demdis.sk/kto-sme-my-ze-by-si-ti-druhi-jednu-po-papuli-zasluzili/ 
midreport: "
https://pol.is/8svxmefhi8,2023-10-17,How should we bring new people into Solarpunk?,,‚úÖ yes,‚úÖ yes,---,,34,3,23,0,en,Global,https://www.reddit.com/r/solarpunk/comments/17beheh/how_should_we_bring_new_people_into_solarpunk/,JS,,2025-02-09,source: reddit
https://pol.is/6vbuxzxrff,2023-10-24,Watertown Square Area Plan,,‚úñÔ∏è no,‚úÖ yes,---,,1074,2,1073,5,en,"Watertown, MA, USA",https://www.facebook.com/Palomba.Councilor/posts/pfbid0YvczBGKqHTpvL2aK9bNEgMaRiUCpYFjLccTeEEBm7gizRubRA8uUFG7t8JEDASJBl,Utile Design,Utile Design,2025-02-10,source: fb search https://www.utiledesign.com/work/watertown-square-area-plan/
https://pol.is/24rmxr2e7k,2024-03-06,Town of Salem Master Plan Visioning Survey`,,‚úñÔ∏è no,‚úÖ yes,---,,821,2,427,4,en,"Salem, NH, USA",https://www.facebook.com/groups/1830766700548981/?multi_permalinks=3375865069372462&hoisted_section_header_type=recently_seen,Utile Design,Utile Design,2025-02-10,source: fb search
https://pol.is/7eahucmmjc,2024-04-02,Matthew Green NDP: Nakba Bill,,‚úÖ yes,‚úÖ yes,---,,305,2,756,0,,Canada,,Joseph Gubbels,NDP,2025-02-05,
https://pol.is/4cvkai2ctw,2024-05-01,Improving the Polis Software,,‚úÖ yes,‚úÖ yes,https://pol.is/report/r6bpmcmizi2kyvhzkhfr7,üî¥ yes,23,2,9,0,en,Global,,Civic Tech,,2024-08-05,
https://pol.is/6s8bxtsfrs,2024-09-23,Choral AI Dataset/Model Preferences,,‚úñÔ∏è no,‚úÖ yes,https://pol.is/report/r892azrash5nkrkscejbr,,37,3,31,0,en,,,Jen Ding,,2025-02-05,google search - site:https://pol.is/report/
https://pol.is/66swzevhkh,2024-10-02,"""Mobility now and in the future""",,‚úÖ yes,‚úÖ yes,https://pol.is/report/r75xsmfnmayfczkym4bdh,,124,3,58,11,de,Germany,https://feddit.it/post/11790225,borisentiu,,2025-02-05,google search - site:https://pol.is/report/ https://feddit.org/post/3480574 https://feddit.it/post/11556205 
https://pol.is/4xdxjc3fhc,2024-11-12,What changes would you like to see in the education sector to address the current education crisis?,,‚úñÔ∏è no,‚úÖ yes,https://pol.is/report/r5ksvhbdvb8p4fbd7nekf,,112,2,45,2,en,Kenya,https://x.com/search?q=https%3A%2F%2Fpol.is%2F4xdxjc3fhc%20from%3AzKE_Official&src=typed_query&f=live,Caleb,Build Up,2024-12-11,google search - site:https://pol.is/report/
https://pol.is/6bmejxaanc,2024-11-14,What would make the Public Participation Bill meaningful to you?,,‚úñÔ∏è no,‚úÖ yes,---,,499,4,95,2,en,Kenya,https://x.com/search?q=https%3A%2F%2Fpol.is%2F6bmejxaanc&src=typed_query&f=live,Caleb,Build Up,2024-12-11,
https://pol.is/48ntjepisf,2024-11-16,"What would you like to see changed, added or removed in the Tax laws amendment bill?",,‚úñÔ∏è no,‚úÖ yes,https://pol.is/report/r4z6d6mjj6mykyazj87tr,,243,4,107,2,en,Kenya,https://x.com/search?q=https%3A%2F%2Fpol.is%2F48ntjepisf&src=typed_query&f=live,Caleb,Build Up,2024-12-11,google search - site:https://pol.is/report/
https://pol.is/9hhbck2kda,2025-02-01,Imagine Bowling Green in 2050,,‚úñÔ∏è no,‚úÖ yes,,,5747,2,7696,0,en,USA,https://www.whatcouldbgbe.com/about-the-project,Sam Ford,BG2050,2025-04-15,
https://pol.is/4cacski7ha,2025-02-10,‚ÄúWhat messages and what proposals should we collectively support regarding AI?‚Äù,,‚úÖ yes,‚úÖ yes,https://pol.is/report/r98y2p9easajrxhpvhsrr,,179,2,252,0,fr,France,https://discord.com/channels/815450304421691412/829355342961967105/1347852442162692137,Jean-Lou,,2025-03-08,
